<?xml version="1.0" encoding="UTF-8"?>
<build-type xmlns:xsi="http://www.w3.org/2001/XMLSchema-instance" uuid="d5278d7e-da0d-4291-a0f0-279d2a467f53" xsi:noNamespaceSchemaLocation="https://www.jetbrains.com/teamcity/schemas/2025.3/project-config.xsd">
  <name>PROD</name>
  <description />
  <settings>
    <build-runners>
      <runner id="clean" name="clean" type="Maven2">
        <parameters>
          <param name="goals" value="clean" />
          <param name="localRepoScope" value="agent" />
          <param name="maven.path" value="%teamcity.tool.maven.DEFAULT%" />
          <param name="pomLocation" value="backend/pom.xml" />
          <param name="teamcity.build.workingDir" value="backend" />
          <param name="teamcity.coverage.emma.include.source" value="true" />
          <param name="teamcity.coverage.emma.instr.parameters" value="-ix -*Test*" />
          <param name="teamcity.coverage.idea.includePatterns" value="*" />
          <param name="teamcity.coverage.jacoco.patterns" value="+:*" />
          <param name="teamcity.step.mode" value="default" />
          <param name="teamcity.tool.jacoco" value="%teamcity.tool.jacoco.DEFAULT%" />
          <param name="userSettingsSelection" value="userSettingsSelection:default" />
        </parameters>
      </runner>
      <runner id="test" name="test" type="Maven2">
        <parameters>
          <param name="goals" value="test" />
          <param name="localRepoScope" value="agent" />
          <param name="maven.path" value="%teamcity.tool.maven.DEFAULT%" />
          <param name="pomLocation" value="backend/pom.xml" />
          <param name="teamcity.build.workingDir" value="backend" />
          <param name="teamcity.coverage.emma.include.source" value="true" />
          <param name="teamcity.coverage.emma.instr.parameters" value="-ix -*Test*" />
          <param name="teamcity.coverage.idea.includePatterns" value="*" />
          <param name="teamcity.coverage.jacoco.patterns" value="+:*" />
          <param name="teamcity.step.mode" value="default" />
          <param name="teamcity.tool.jacoco" value="%teamcity.tool.jacoco.DEFAULT%" />
          <param name="userSettingsSelection" value="userSettingsSelection:default" />
        </parameters>
      </runner>
      <runner id="package" name="package" type="Maven2">
        <parameters>
          <param name="goals" value="package" />
          <param name="localRepoScope" value="agent" />
          <param name="maven.path" value="%teamcity.tool.maven.DEFAULT%" />
          <param name="pomLocation" value="backend/pom.xml" />
          <param name="teamcity.build.workingDir" value="backend" />
          <param name="teamcity.coverage.emma.include.source" value="true" />
          <param name="teamcity.coverage.emma.instr.parameters" value="-ix -*Test*" />
          <param name="teamcity.coverage.idea.includePatterns" value="*" />
          <param name="teamcity.coverage.jacoco.patterns" value="+:*" />
          <param name="teamcity.step.mode" value="default" />
          <param name="teamcity.tool.jacoco" value="%teamcity.tool.jacoco.DEFAULT%" />
          <param name="userSettingsSelection" value="userSettingsSelection:default" />
        </parameters>
      </runner>
      <runner id="install" name="install" type="Maven2">
        <parameters>
          <param name="goals" value="install" />
          <param name="localRepoScope" value="agent" />
          <param name="maven.path" value="%teamcity.tool.maven.DEFAULT%" />
          <param name="pomLocation" value="backend/pom.xml" />
          <param name="teamcity.build.workingDir" value="backend" />
          <param name="teamcity.coverage.emma.include.source" value="true" />
          <param name="teamcity.coverage.emma.instr.parameters" value="-ix -*Test*" />
          <param name="teamcity.coverage.idea.includePatterns" value="*" />
          <param name="teamcity.coverage.jacoco.patterns" value="+:*" />
          <param name="teamcity.step.mode" value="default" />
          <param name="teamcity.tool.jacoco" value="%teamcity.tool.jacoco.DEFAULT%" />
          <param name="userSettingsSelection" value="userSettingsSelection:default" />
        </parameters>
      </runner>
    </build-runners>
    <vcs-settings>
      <vcs-entry-ref root-id="ProjectEletraEnergyIntegration_BackEnd_HttpsGithubComHielSaraivaProjectEletraEnergyIntegrationRefsHeadsMain1" />
    </vcs-settings>
    <build-triggers>
      <build-trigger id="TRIGGER_4" type="vcsTrigger">
        <parameters>
          <param name="branchFilter" value="main" />
          <param name="enableQueueOptimization" value="true" />
          <param name="quietPeriodMode" value="DO_NOT_USE" />
        </parameters>
      </build-trigger>
    </build-triggers>
  </settings>
</build-type>

