<?xml version="1.0" encoding="UTF-8"?>
<build-type xmlns:xsi="http://www.w3.org/2001/XMLSchema-instance" uuid="e91646bf-7c2f-46f5-93e4-1ccf3d7f8dc2" xsi:noNamespaceSchemaLocation="https://www.jetbrains.com/teamcity/schemas/2025.3/project-config.xsd">
  <name>DEVELOP</name>
  <description />
  <settings>
    <options>
      <option name="artifactRules" value="frontend\dist =&gt; frontend\dist" />
      <option name="publishArtifactCondition" value="SUCCESSFUL" />
    </options>
    <build-runners>
      <runner id="clean" name="clean" type="Maven2">
        <parameters>
          <param name="goals" value="clean" />
          <param name="localRepoScope" value="agent" />
          <param name="maven.path" value="%teamcity.tool.maven.DEFAULT%" />
          <param name="pomLocation" value="frontend/pom.xml" />
          <param name="teamcity.build.workingDir" value="frontend" />
          <param name="teamcity.coverage.emma.include.source" value="true" />
          <param name="teamcity.coverage.emma.instr.parameters" value="-ix -*Test*" />
          <param name="teamcity.coverage.idea.includePatterns" value="*" />
          <param name="teamcity.coverage.jacoco.patterns" value="+:*" />
          <param name="teamcity.step.mode" value="default" />
          <param name="teamcity.tool.jacoco" value="%teamcity.tool.jacoco.DEFAULT%" />
          <param name="userSettingsSelection" value="userSettingsSelection:default" />
        </parameters>
      </runner>
      <runner id="test" name="test" type="Maven2">
        <parameters>
          <param name="goals" value="test" />
          <param name="localRepoScope" value="agent" />
          <param name="maven.path" value="%teamcity.tool.maven.DEFAULT%" />
          <param name="pomLocation" value="frontend/pom.xml" />
          <param name="teamcity.build.workingDir" value="frontend" />
          <param name="teamcity.coverage.emma.include.source" value="true" />
          <param name="teamcity.coverage.emma.instr.parameters" value="-ix -*Test*" />
          <param name="teamcity.coverage.idea.includePatterns" value="*" />
          <param name="teamcity.coverage.jacoco.patterns" value="+:*" />
          <param name="teamcity.step.mode" value="default" />
          <param name="teamcity.tool.jacoco" value="%teamcity.tool.jacoco.DEFAULT%" />
          <param name="userSettingsSelection" value="userSettingsSelection:default" />
        </parameters>
      </runner>
      <runner id="package" name="package" type="Maven2">
        <parameters>
          <param name="goals" value="package" />
          <param name="localRepoScope" value="agent" />
          <param name="maven.path" value="%teamcity.tool.maven.DEFAULT%" />
          <param name="pomLocation" value="frontend/pom.xml" />
          <param name="teamcity.build.workingDir" value="frontend" />
          <param name="teamcity.coverage.emma.include.source" value="true" />
          <param name="teamcity.coverage.emma.instr.parameters" value="-ix -*Test*" />
          <param name="teamcity.coverage.idea.includePatterns" value="*" />
          <param name="teamcity.coverage.jacoco.patterns" value="+:*" />
          <param name="teamcity.step.mode" value="default" />
          <param name="teamcity.tool.jacoco" value="%teamcity.tool.jacoco.DEFAULT%" />
          <param name="userSettingsSelection" value="userSettingsSelection:default" />
        </parameters>
      </runner>
    </build-runners>
    <vcs-settings>
      <vcs-entry-ref root-id="ProjectEletraEnergyIntegration_FrontEnd_HttpsGithubComHielSaraivaProjectEletraEnergyIntegrationRefsHeadsMain" />
    </vcs-settings>
    <build-triggers>
      <build-trigger id="TRIGGER_5" type="vcsTrigger">
        <parameters>
          <param name="branchFilter" value="+:develop" />
          <param name="enableQueueOptimization" value="true" />
          <param name="quietPeriodMode" value="DO_NOT_USE" />
        </parameters>
      </build-trigger>
    </build-triggers>
  </settings>
</build-type>

